{
  "project_info": {
    "project_number": "1043084667787",
    "firebase_url": "https://timesheet-32d19-default-rtdb.firebaseio.com",
    "project_id": "timesheet-32d19",
    "storage_bucket": "timesheet-32d19.appspot.com"
  },
  "client": [
    {
      "client_info": {
        "mobilesdk_app_id": "1:1043084667787:android:57232e6e7275c4b667dd8e",
        "android_client_info": {
          "package_name": "com.example.apptemplate"
        }
      },
      "oauth_client": [
        {
          "client_id": "1043084667787-9h8qjjdsmafdahdba5sees5cbgu27ri7.apps.googleusercontent.com",
          "client_type": 3
        }
      ],
      "api_key": [
        {
          "current_key": "AIzaSyDRFPtGphor1NcFPC4zrJvj-0NsDCZ_6HM"
        }
      ],
      "services": {
        "appinvite_service": {
          "other_platform_oauth_client": [
            {
              "client_id": "1043084667787-9h8qjjdsmafdahdba5sees5cbgu27ri7.apps.googleusercontent.com",
              "client_type": 3
            }
          ]
        }
      }
    }
  ],
  "configuration_version": "1"
}